title,company,location,link
"Linux Administrator- Omaha, NE",Eckoh,"Omaha, NE",https://www.indeed.com/viewjob?jk=6099a9de2349f18a
Software Engineer,"CSG Actuarial, LLC","Omaha, NE",https://www.indeed.com/viewjob?jk=3772d8327ea6e22a
Software Developer,"Massive Bio, Inc.",Remote,https://www.indeed.com/viewjob?jk=2440f8c9026bdc3f
Jr. Python Developer,OptiFunder,"Maryland Heights, MO",https://www.indeed.com/viewjob?jk=61da247cafaa9163
Python Developer,Applied Software,Remote,https://www.indeed.com/viewjob?jk=7f69ec9fff5b8ee2
Program Analyst,"Fiserv, Inc.","Omaha, NE",https://www.indeed.com/viewjob?jk=e06fbd31e568f182
Python Developer,Thingbits,"Minneapolis, MN",https://www.indeed.com/viewjob?jk=ae9b820a90a0f303
Data Analyst - All Levels,FedEx Services,"Collierville, TN",https://www.indeed.com/viewjob?jk=4d9f4d61f440dd39
Python Developer,Infolob,Remote,https://www.indeed.com/viewjob?jk=b8bcbf4ef9e1cd15
Automation and Python Training and Job Placement,Goodwill Industries of Middle Tennessee,"Clarksville, TN",https://www.indeed.com/viewjob?jk=beb807645d0d866b
Junior Python Developer,Retail Rebel - KCK,"Kansas City, KS",https://www.indeed.com/viewjob?jk=12d7af6b416abf6f
Python Developer (Junior/Intern),Core Soft Tech,"Sienna Plantation, TX",https://www.indeed.com/viewjob?jk=e0183cc838106072
Python Developer Intern,OXO Solutions,"Ruby, SC",https://www.indeed.com/viewjob?jk=84a541c104b5b24c
GIS Specialist,Nextlink Internet,Remote,https://www.indeed.com/viewjob?jk=055489decd156d9e
Launch Manager (Live Chat and Chatbot) Remote Position,The Chat Shop,"Winters, TX",https://www.indeed.com/viewjob?jk=fe9d6bebcb505613
Mid-Level Python Developer,HEXACT,Remote,https://www.indeed.com/viewjob?jk=b38c72a0024ad418
Entry level Python Developer,Cloudbigdata Technologies,"San Francisco, CA",https://www.indeed.com/viewjob?jk=346b78d48ac037ba
"FullStack - React, Python, Django (Contract, Remote)",Braintrust,"San Francisco, CA",https://www.indeed.com/viewjob?jk=f987659ad094c624
Jr. Python Developer,Bluestone Analytics,"Charlottesville, VA",https://www.indeed.com/viewjob?jk=496f588320838319
Senior Python Developer,Beyond Enterprizes,Remote,https://www.indeed.com/viewjob?jk=5f046ee5dd8c0980
100% Remote Senior Python Developer,Mobile Programming LLC,"Malibu, CA",https://www.indeed.com/viewjob?jk=eea0b8d770481a56
Senior Python Developer,Gallup,"Omaha, NE",https://www.indeed.com/viewjob?jk=7e2b8d17368f4735
Python Developer,NITR,"San Francisco, CA",https://www.indeed.com/viewjob?jk=3b2efd5878ac1611
Python Developer,Topsys IT,"Redmond, WA",https://www.indeed.com/viewjob?jk=892de91c7230455b
Entry Level Business Analyst (2+Years Exp),Agama Solutions,Arizona,https://www.indeed.com/viewjob?jk=e6e644c9c83e253c
"Product Analyst, Discovery",Pinterest,"San Francisco, CA",https://www.indeed.com/viewjob?jk=121e932c17433652
Financial Modeler,Principal Financial Group,"Des Moines, IA",https://www.indeed.com/viewjob?jk=f95eb608a2e78bf3
python developer,Shark Analytics,Remote,https://www.indeed.com/viewjob?jk=834c06fcdf52842d
Software Engineer I (Entry Level),SYSCON International,"South Bend, IN",https://www.indeed.com/viewjob?jk=561acb5fbcfb4ea0
Python & Django,Launch Potato,Florida,https://www.indeed.com/viewjob?jk=eed0b5a7daa1ac2d
Sr. Python Developer,IST Inc.,"Plano, TX",https://www.indeed.com/viewjob?jk=f072e5cfbed276cd
Sr.ETL Developer with Python,Wavicle Data Solutions LLC,Remote,https://www.indeed.com/viewjob?jk=7a57f353975560d8
Python/Django Developer,EGRS,"Cincinnati, OH",https://www.indeed.com/viewjob?jk=7b2c26b93226c570
3D Generalist I-iEXCEL,University of Nebraska Medical Center,"Omaha, NE",https://www.indeed.com/viewjob?jk=f086dc63fb348b08
Lead Engineer/Python Developer,"Otto Solutions, Inc.","Alpharetta, GA",https://www.indeed.com/viewjob?jk=825f59b88af4f392
Python Developer,Spire Digital,"Denver, CO",https://www.indeed.com/viewjob?jk=6f1c7fcc5a94a198
Python MicroServices Cloud Developer (w2 only),keywordsolutions,"Denver, CO",https://www.indeed.com/viewjob?jk=0038fd49f0817cbd
Python Software Engineer,Toyota Connected North America,"Plano, TX",https://www.indeed.com/viewjob?jk=bea957b6833b0361
Azure Cloud Engineer with Powershell or Python Scripting,Spar Information System,"Deerfield, IL",https://www.indeed.com/viewjob?jk=3bce652126d5fbdb
"Python Developer, Associate",BlackRock,"Atlanta, GA",https://www.indeed.com/viewjob?jk=ac85c98ee3a9face
"Analyst, Baseball Operations",Detroit Tigers,"Detroit, MI",https://www.indeed.com/viewjob?jk=d70c21cd4719170a
Senior Python Developer,Stabilis Professional Services,"Groton, CT",https://www.indeed.com/viewjob?jk=e0ded9146fe340a6
Python Developer - Spire Digital,Kin + Carta,"Denver, CO",https://www.indeed.com/viewjob?jk=4f18ed490632a5e6
Python Developer,"Booker DiMaio, LLC",Remote,https://www.indeed.com/viewjob?jk=b4b25bf54ffab1a1
Python/Django Developer,Computer Arithmetic LLC,Remote,https://www.indeed.com/viewjob?jk=f25c6d42852ee07a
Python Developer (Django),Mako Medical Laboratories,"Raleigh, NC",https://www.indeed.com/viewjob?jk=a542cedd5b8a50a1
Python Developer,Phrasee,Remote,https://www.indeed.com/viewjob?jk=085a511b377e3ecb
Data Scientist - All Levels,FedEx Services,"Collierville, TN",https://www.indeed.com/viewjob?jk=a88367950cf62977
Python Developer,Appriss,"Poland, ME",https://www.indeed.com/viewjob?jk=ed28f1a8069e7eb3
"Data Scientist, Ads Measurement",Pinterest,"Seattle, WA",https://www.indeed.com/viewjob?jk=0edc2950ce663624
Python Developer,"Booker DiMaio, LLC",Remote,https://www.indeed.com/viewjob?jk=b4b25bf54ffab1a1
Python/Django Developer,Computer Arithmetic LLC,Remote,https://www.indeed.com/viewjob?jk=f25c6d42852ee07a
Python Developer (Django),Mako Medical Laboratories,"Raleigh, NC",https://www.indeed.com/viewjob?jk=a542cedd5b8a50a1
Python Developer,Phrasee,Remote,https://www.indeed.com/viewjob?jk=085a511b377e3ecb
Data Scientist - All Levels,FedEx Services,"Collierville, TN",https://www.indeed.com/viewjob?jk=a88367950cf62977
Python Developer,Appriss,"Poland, ME",https://www.indeed.com/viewjob?jk=ed28f1a8069e7eb3
Customer Support Engineer,Gridiron IT,Remote,https://www.indeed.com/viewjob?jk=7a4b7d6fc5c56133
Software Developer,DeFelsko,"Ogdensburg, NY",https://www.indeed.com/viewjob?jk=bf74ae7ad957ec42
"Data Scientist, Ads Measurement",Pinterest,"Seattle, WA",https://www.indeed.com/viewjob?jk=0edc2950ce663624
Software Engineer (Entry-Level),Raptor Maps,"Somerville, MA",https://www.indeed.com/viewjob?jk=4895c5581d575885
Python Developer,IST Inc.,"Saint Paul, MN",https://www.indeed.com/viewjob?jk=9a5adf890a27334d
Python Developer,RQ By Dasmen,"Ramsey, NJ",https://www.indeed.com/viewjob?jk=0da5fd4ecbe21a6a
Python Developer,SimpleLegal,Remote,https://www.indeed.com/viewjob?jk=429a93cabe66e24a
Sr Python Backend Engineer (Remote),EveryoneSocial,Texas,https://www.indeed.com/viewjob?jk=4fec2f15b8f5eb29
Python & AWS Developer,Mobiquity,Remote,https://www.indeed.com/viewjob?jk=cffaccf3b341d7c6
Python Developer,RPO International,"Jersey City, NJ",https://www.indeed.com/viewjob?jk=23e38c7656df8a45
Data Scientist,Iscientiaus,"Pittsburgh, PA",https://www.indeed.com/viewjob?jk=e9e7bb480862c9a2
"Python developer @ Princeton, NJ",CEDENT,"Princeton, NJ",https://www.indeed.com/viewjob?jk=53fc570881cfca63
Python Test Engineer,A&M Technologies LLC,"Plano, TX",https://www.indeed.com/viewjob?jk=04775c4819323525
Assistant Project Director/Data Base Specialist,University of Nebraska Medical Center,"Omaha, NE",https://www.indeed.com/viewjob?jk=e0031005f043ce77
Software Engineer - AWS/Python,Ursus,"Menlo Park, CA",https://www.indeed.com/viewjob?jk=dc857848fa119686
Python Engineer,CLARIKA,Remote,https://www.indeed.com/viewjob?jk=0e08e1e323874e40
"Full Stack Developer (Python + Javascript req, $100K+)",#twiceasnice Recruiting,"Cincinnati, OH",https://www.indeed.com/viewjob?jk=ea9eecb18ac10bb8
"Mid-level Software Engineer C/C++, Python, Linux (REMOTE)",CyberCoders,"Rochester, NH",https://www.indeed.com/viewjob?jk=f0e9da4af53a3546
Python Developer,icox Healthcare,"San Diego, CA",https://www.indeed.com/viewjob?jk=d495df87e287b46d
Data Analyst,Teaching Lab,Remote,https://www.indeed.com/viewjob?jk=a5a45f198ec864bf
Climate Corps AmeriCorps Fellow at The Energy Coalition (SoCalREN) - AmeriCorps - January 18 start at The Energy Coalition,Strategic Energy Innovations,United States,https://www.indeed.com/viewjob?jk=9d5d284c0a458a5e
Applied Scientist (Remote),Yelp,Remote,https://www.indeed.com/viewjob?jk=b824a883fa4e55a5
Software Quality Assurance Engineer,Applied Software Inc.,West Virginia,https://www.indeed.com/viewjob?jk=c94127390434cbd8
Business Intelligence Group - Data Analyst - Associate,"JPMorgan Chase Bank, N.A.","New York, NY",https://www.indeed.com/viewjob?jk=ca007358ee9f50fc
Software Engineer (All Levels),"Datawire, Inc.","Denver, CO",https://www.indeed.com/viewjob?jk=0c2992a0c242b663
Coding Instructor -Virtual,K-Rockets Engineering & Technology School,Remote,https://www.indeed.com/viewjob?jk=621ae2355c22d4cc
Content Contributor : iOS Development,Codecademy,New York State,https://www.indeed.com/viewjob?jk=a7f18bd945797fb5
Sr. Python Developer (100% Remote),Gimmko Technologies,"Boulder, CO",https://www.indeed.com/viewjob?jk=6b72fab8a13aa377
Senior Python Developer,Plexus,"New York, NY",https://www.indeed.com/viewjob?jk=4a53abd020e9bd0e
Data Scientist,HTI Labs,"Omaha, NE",https://www.indeed.com/viewjob?jk=407bdfce2af66518
Baseball Operations Intern,The Seattle Mariners,"Seattle, WA",https://www.indeed.com/viewjob?jk=202af912ccb39e41
"Python Developer | Richmond, VA (Remote until 2021)",iknowvate technologies,"Richmond, VA",https://www.indeed.com/viewjob?jk=5a9a0ac14d0aaba7
Quantitative Risk Intern,Gavilon,"Omaha, NE",https://www.indeed.com/viewjob?jk=8df5e6458906eef2
Data Science Intern,Pinterest,"San Francisco, CA",https://www.indeed.com/viewjob?jk=c9bbf4ebe3e2ae3b
Software Engineering Intern,Eventeny,Remote,https://www.indeed.com/viewjob?jk=28879eaacfb55ea6
Python Developer,Denken Solutions Inc,"Sterling, VA",https://www.indeed.com/viewjob?jk=3facdacc0b661533
Applications Scientist â€“ NGS,Integrated DNA Technologies (IDT),"Coralville, IA",https://www.indeed.com/viewjob?jk=68aa82c5ec876309
Python Developer,Digital Dhara,"San Jose, CA",https://www.indeed.com/viewjob?jk=a64f639daed40dda
(OptumRx) SQL / Python / Tableau Report Consultant - Telecommute,UnitedHealth Group,"Eden Prairie, MN",https://www.indeed.com/viewjob?jk=124eba3752e41095
Python Developer,Capco,"Houston, TX",https://www.indeed.com/viewjob?jk=332ef998f7113de5
AdvisorAnalytics,CVS Health,"Northbrook, IL",https://www.indeed.com/viewjob?jk=9511ea85b6c69d9c
Data Scientist - Python - Remote,Speridian Technologies,"Charlotte, NC",https://www.indeed.com/viewjob?jk=2927a6a3839092af
PYTHON DEVELOPER,Pythonwise,"Seattle, WA",https://www.indeed.com/viewjob?jk=1a20a1c56fb7df73
Python Developer,MRoads,"Irving, TX",https://www.indeed.com/viewjob?jk=f606539bd10a3227
